,http://127.0.0.1:8000/sample/ten,http://127.0.0.1:8000/sample/eight,http://127.0.0.1:8000/sample/five,http://127.0.0.1:8000/sample/one,http://127.0.0.1:8000/sample/seven,http://127.0.0.1:8000/sample/nine,http://127.0.0.1:8000/sample/six,http://127.0.0.1:8000/sample/three,http://127.0.0.1:8000/sample/two,http://127.0.0.1:8000/sample/four
1800,0.0,0.0,0.0,0.0,0.0,0.0,0.0,0.07519597035821918,0.0,0.0
1950,0.054302171788811276,0.0,0.0,0.0,0.0,0.0,0.0,0.0,0.0,0.0
able,0.10860434357762255,0.0,0.0,0.0,0.0,0.0,0.0,0.0,0.0,0.0
acceptance,0.0,0.0,0.0,0.0,0.0,0.0,0.07035323612008913,0.0,0.0,0.0
accompanying,0.0,0.0,0.0,0.07963113870844434,0.0,0.0,0.0,0.0,0.0,0.0
accomplish,0.0,0.0,0.0,0.07963113870844434,0.0,0.0,0.0,0.0,0.0,0.0
accordance,0.0,0.0,0.0,0.0,0.0,0.11385477127316877,0.0,0.0,0.0,0.0
accuracy,0.0,0.0,0.0,0.07963113870844434,0.0,0.0,0.0,0.0,0.0,0.0
achieve,0.0,0.0,0.0,0.0,0.0,0.0,0.0,0.07519597035821918,0.0,0.0
act,0.0,0.0,0.0,0.0,0.0,0.11385477127316877,0.0,0.0,0.0,0.0
action,0.0,0.0,0.0,0.0,0.0,0.19357391470330193,0.0,0.0,0.0912293410332331,0.0
activity,0.0,0.0,0.0,0.0,0.0,0.0,0.0,0.0,0.0,0.062103531617924465
actual,0.0,0.0,0.0,0.07963113870844434,0.0,0.0,0.0,0.0,0.0,0.0
actually,0.0,0.0,0.0,0.0,0.0,0.0,0.0,0.0,0.0,0.062103531617924465
add,0.10860434357762255,0.0,0.0,0.0,0.0,0.0,0.0,0.0,0.0,0.0
addl,0.054302171788811276,0.0,0.0,0.0,0.0,0.0,0.0,0.0,0.0,0.0
address,0.054302171788811276,0.0,0.0,0.0,0.0,0.0,0.0,0.0,0.0,0.0
addressing,0.054302171788811276,0.0,0.0,0.0,0.0,0.0,0.0,0.0,0.0,0.0
administrator,0.0,0.0,0.0,0.0,0.0,0.0,0.0,0.0,0.10731710181778421,0.0
agreement,0.0,0.0,0.0,0.0,0.0,0.0,0.07035323612008913,0.0,0.0,0.0
aid,0.0,0.11809404930605166,0.11899022199853543,0.0,0.0,0.0,0.0,0.0,0.0,0.0
algol,0.054302171788811276,0.0,0.0,0.0,0.0,0.0,0.0,0.0,0.0,0.0
algorithm,0.0,0.10331833832002932,0.0,0.23689610383099827,0.0,0.0,0.0,0.05592546047493713,0.0,0.0
almost,0.0,0.0,0.0,0.0,0.0,0.11385477127316877,0.0,0.0,0.0,0.0
along,0.0,0.13891924429044444,0.0,0.0,0.0,0.0,0.0,0.0,0.0,0.0
also,0.1795308019592525,0.0,0.09255447885861577,0.0,0.0,0.0,0.04651958654688919,0.0,0.0,0.08212928852444225
alternatively,0.0,0.11809404930605166,0.0,0.0,0.0,0.0,0.0,0.0,0.0912293410332331,0.0
analysis,0.0,0.0,0.20820476705577892,0.05922402595774957,0.0,0.0,0.10464755244661605,0.0,0.0,0.0
analyst,0.0,0.0,0.0,0.07963113870844434,0.0,0.0,0.0,0.0,0.0,0.0
antiquity,0.0,0.0,0.0,0.0,0.0,0.0,0.07035323612008913,0.0,0.0,0.0
app,0.0,0.0,0.0,0.0,0.12827085658299292,0.0,0.0,0.0,0.0,0.0
appearance,0.054302171788811276,0.0,0.0,0.0,0.0,0.0,0.0,0.0,0.0,0.0
application,0.0,0.07457577165510473,0.07514170000179904,0.04274824303349165,0.34429708279070875,0.061120455036164145,0.0,0.0,0.057610849531530346,0.0
appraisal,0.0,0.0,0.0,0.0,0.0,0.0,0.07035323612008913,0.0,0.0,0.0
apps,0.0,0.0,0.0,0.0,0.25654171316598584,0.0,0.0,0.0,0.0,0.0
architecture,0.10860434357762255,0.0,0.0,0.0,0.0,0.0,0.0,0.0,0.0,0.0
area,0.0,0.0,0.0,0.0,0.0,0.0,0.07035323612008913,0.0,0.0,0.0
argument,0.0,0.0,0.0,0.0,0.0,0.0,0.2110597083602674,0.0,0.0,0.0
argumentative,0.0,0.0,0.0,0.0,0.0,0.0,0.07035323612008913,0.0,0.0,0.0
artifact,0.0,0.0,0.0,0.07963113870844434,0.0,0.0,0.0,0.0,0.0,0.0
assembler,0.3949677643103555,0.09185740648470946,0.0,0.0,0.0,0.0,0.0,0.0,0.0709611594476204,0.041064644262221124
assembly,0.0923236141314752,0.0,0.0,0.0,0.0,0.0,0.0,0.0,0.0,0.0527936756525502
automate,0.0,0.0,0.0,0.07963113870844434,0.0,0.0,0.0,0.0,0.0,0.0
automatic,0.054302171788811276,0.0,0.0,0.0,0.0,0.0,0.0,0.0,0.0,0.0
available,0.054302171788811276,0.0,0.0,0.0,0.0,0.0,0.0,0.0,0.0,0.0
basic,0.0,0.0,0.0,0.0,0.0,0.0,0.0,0.07519597035821918,0.0,0.0
basis,0.0,0.0,0.0,0.0,0.0,0.0,0.07035323612008913,0.0,0.0,0.0
batch,0.0,0.0,0.0,0.0,0.0,0.11385477127316877,0.0,0.0,0.0,0.0
become,0.0,0.0,0.0,0.0,0.0,0.0,0.0,0.0,0.0,0.062103531617924465
behavior,0.0,0.0,0.0,0.0,0.0,0.0,0.0,0.15039194071643835,0.0,0.0
better,0.054302171788811276,0.0,0.0,0.0,0.0,0.0,0.0,0.0,0.0,0.0
binary,0.0,0.0,0.0,0.0,0.0,0.0,0.0,0.0,0.0912293410332331,0.0527936756525502
bit,0.054302171788811276,0.0,0.0,0.0,0.0,0.0,0.0,0.0,0.0,0.0
boundary,0.0,0.0,0.0,0.0,0.0,0.0,0.07035323612008913,0.0,0.0,0.0
box,0.0,0.0,0.0,0.0,0.0,0.0,0.0,0.07519597035821918,0.0,0.0
broadly,0.0,0.0,0.0,0.0,0.0,0.0,0.14070647224017827,0.0,0.0,0.0
bug,0.0,0.0,0.13997345179645462,0.0,0.0,0.0,0.0,0.0,0.0,0.0
build,0.0,0.0,0.0,0.07963113870844434,0.0,0.0,0.0,0.0,0.0,0.0
building,0.0,0.0,0.0,0.07963113870844434,0.0,0.0,0.0,0.0,0.0,0.0
built,0.0,0.0,0.0,0.0,0.10904194691824569,0.0,0.0,0.0,0.0,0.0527936756525502
bundled,0.0,0.0,0.0,0.0,0.12827085658299292,0.0,0.0,0.0,0.0,0.0
calculates,0.054302171788811276,0.0,0.0,0.0,0.0,0.0,0.0,0.0,0.0,0.0
calculation,0.0461618070657376,0.11809404930605166,0.0,0.0,0.0,0.0,0.0,0.0,0.0,0.0
called,0.0923236141314752,0.0,0.0,0.0,0.10904194691824569,0.0,0.0,0.0,0.0,0.0
carried,0.0,0.0,0.0,0.0,0.0,0.11385477127316877,0.0,0.0,0.0,0.0
carry,0.0,0.0,0.0,0.0,0.12827085658299292,0.0,0.0,0.0,0.0,0.0
case,0.0461618070657376,0.0,0.0,0.0,0.0,0.09678695735165097,0.0,0.0,0.0,0.0
categorized,0.0,0.13891924429044444,0.0,0.0,0.0,0.0,0.0,0.0,0.0,0.0
causing,0.0,0.0,0.0,0.0,0.0,0.0,0.0,0.0,0.0,0.062103531617924465
central,0.0,0.0,0.0,0.06769374300129932,0.0,0.0,0.0,0.0,0.0,0.0527936756525502
century,0.0,0.0,0.0,0.0,0.0,0.0,0.14070647224017827,0.0,0.0,0.0
chained,0.0,0.0,0.0,0.0,0.0,0.11385477127316877,0.0,0.0,0.0,0.0
change,0.0,0.0,0.0,0.0,0.0,0.0,0.0,0.0,0.0,0.18631059485377338
chosen,0.0,0.0,0.0,0.07963113870844434,0.0,0.0,0.0,0.0,0.0,0.0
citation,0.054302171788811276,0.0,0.0,0.0,0.0,0.0,0.0,0.0,0.0,0.0
class,0.054302171788811276,0.0,0.0,0.0,0.0,0.0,0.0,0.0,0.0,0.0
classification,0.0,0.0,0.0,0.0,0.10904194691824569,0.0,0.05980667817221626,0.0,0.0,0.0
closer,0.0,0.0,0.0,0.0,0.0,0.0,0.0,0.0,0.0,0.062103531617924465
cobol,0.054302171788811276,0.0,0.0,0.0,0.0,0.0,0.0,0.0,0.0,0.0
code,0.11660375448723093,0.14915154331020947,0.0,0.21374121516745828,0.0,0.0,0.0,0.04036731947010966,0.5184976457837731,0.033338928789670104
coded,0.0,0.0,0.0,0.0,0.12827085658299292,0.0,0.0,0.0,0.0,0.0
coding,0.0,0.0,0.0,0.15926227741688867,0.0,0.0,0.0,0.0,0.0,0.0
cognitive,0.0,0.0,0.0,0.0,0.0,0.0,0.07035323612008913,0.0,0.0,0.0
collection,0.0,0.20663667664005864,0.0,0.0,0.0,0.0,0.0,0.0,0.07981489310403295,0.04618822772426147
collective,0.0,0.0,0.0,0.0,0.12827085658299292,0.0,0.0,0.0,0.0,0.0
collectively,0.0,0.0,0.0,0.0,0.12827085658299292,0.0,0.0,0.0,0.0,0.0
combination,0.0461618070657376,0.0,0.0,0.0,0.0,0.0,0.0,0.0,0.0,0.0527936756525502
combine,0.0,0.0,0.0,0.07963113870844434,0.0,0.0,0.0,0.0,0.0,0.0
command,0.0,0.0,0.0,0.0,0.0,0.22770954254633755,0.0,0.0,0.0,0.0
comment,0.0,0.0,0.0,0.0,0.0,0.0,0.0,0.0,0.10731710181778421,0.0
common,0.0461618070657376,0.0,0.0,0.0,0.0,0.0,0.0,0.06392344470672275,0.0,0.0
commonly,0.0,0.0,0.0,0.07963113870844434,0.0,0.0,0.0,0.0,0.0,0.0
compiler,0.0,0.10331833832002932,0.0,0.0,0.0,0.0,0.0,0.0,0.07981489310403295,0.04618822772426147
complex,0.0,0.0,0.0,0.07963113870844434,0.0,0.0,0.0,0.0,0.0,0.0
component,0.0,0.0,0.0,0.0,0.0,0.0,0.0,0.07519597035821918,0.0,0.0
comprising,0.0,0.0,0.0,0.0,0.0,0.0,0.0,0.07519597035821918,0.0,0.0
computation,0.0,0.0,0.0,0.0,0.0,0.0,0.0,0.0,0.0,0.062103531617924465
computer,0.0,0.4500520041143548,0.11336682118010122,0.12898916110828815,0.207777390272673,0.1844257368775352,0.028490126650108083,0.09135369617226602,0.13037685220160744,0.3017920844226976
computing,0.0,0.0,0.0,0.05922402595774957,0.0,0.0,0.0,0.0,0.07981489310403295,0.04618822772426147
concept,0.0,0.0,0.0,0.0,0.0,0.0,0.07035323612008913,0.0,0.0,0.0
conception,0.0,0.0,0.0,0.0,0.0,0.0,0.07035323612008913,0.0,0.0,0.0
conclusion,0.0,0.0,0.0,0.0,0.0,0.0,0.07035323612008913,0.0,0.0,0.0
concrete,0.054302171788811276,0.0,0.0,0.0,0.0,0.0,0.0,0.0,0.0,0.0
concurrent,0.0,0.0,0.0,0.0,0.0,0.0,0.0,0.0,0.0,0.062103531617924465
condition,0.0,0.0,0.0,0.0,0.0,0.0,0.0,0.07519597035821918,0.0,0.0
considered,0.0,0.0,0.0,0.07963113870844434,0.0,0.0,0.0,0.0,0.0,0.0
consist,0.0,0.0,0.0,0.0,0.0,0.0,0.0,0.07519597035821918,0.0,0.0
consisting,0.0,0.13891924429044444,0.0,0.0,0.0,0.0,0.0,0.0,0.0,0.0
consists,0.0,0.0,0.0,0.0,0.0,0.0,0.0,0.0,0.0,0.12420706323584893
constant,0.054302171788811276,0.0,0.0,0.0,0.0,0.0,0.0,0.0,0.0,0.0
construed,0.0,0.0,0.0,0.0,0.0,0.0,0.07035323612008913,0.0,0.0,0.0
consumption,0.0,0.0,0.0,0.07963113870844434,0.0,0.0,0.0,0.0,0.0,0.0
contrast,0.0,0.0,0.0,0.0,0.0,0.0,0.0,0.0,0.0,0.062103531617924465
control,0.0461618070657376,0.0,0.11899022199853543,0.0,0.0,0.0,0.0,0.0,0.0,0.0
correct,0.0,0.0,0.13997345179645462,0.0,0.0,0.0,0.0,0.0,0.0,0.0
correspondence,0.0,0.0,0.0,0.0,0.0,0.0,0.0,0.0,0.0,0.062103531617924465
cpu,0.0923236141314752,0.0,0.0,0.0,0.0,0.0,0.0,0.0,0.0,0.0527936756525502
create,0.0,0.0,0.0,0.07963113870844434,0.0,0.0,0.0,0.0,0.0,0.0
created,0.0,0.0,0.0,0.0,0.0,0.0,0.0,0.15039194071643835,0.0,0.0
creates,0.054302171788811276,0.0,0.0,0.0,0.0,0.0,0.0,0.0,0.0,0.0
data,0.08077225275799556,0.10331833832002932,0.0,0.0,0.0,0.0,0.0,0.0,0.0,0.13856468317278442
debugger,0.0,0.0,0.13997345179645462,0.0,0.0,0.0,0.0,0.0,0.0,0.0
debugging,0.0,0.0,0.4759608879941417,0.06769374300129932,0.0,0.0,0.0,0.0,0.0,0.0
declarative,0.0,0.0,0.0,0.0,0.0,0.0,0.0,0.07519597035821918,0.0,0.0
deductive,0.0,0.0,0.0,0.0,0.0,0.0,0.07035323612008913,0.0,0.0,0.0
defect,0.0,0.0,0.13997345179645462,0.0,0.0,0.0,0.0,0.0,0.0,0.0
defined,0.0,0.0,0.0,0.0,0.0,0.0,0.0,0.15039194071643835,0.0,0.0
definition,0.0,0.0,0.0,0.0,0.0,0.0,0.07035323612008913,0.0,0.0,0.0
denotation,0.0,0.0,0.0,0.0,0.0,0.0,0.07035323612008913,0.0,0.0,0.0
derive,0.0,0.13891924429044444,0.0,0.0,0.0,0.0,0.0,0.0,0.0,0.0
derived,0.0,0.0,0.0,0.07963113870844434,0.0,0.0,0.0,0.0,0.0,0.0
description,0.0,0.0,0.0,0.0,0.0,0.09678695735165097,0.0,0.06392344470672275,0.0,0.0
designed,0.0,0.0,0.0,0.0,0.10904194691824569,0.0,0.0,0.0,0.0912293410332331,0.0
designer,0.0,0.0,0.0,0.07963113870844434,0.0,0.0,0.0,0.0,0.0,0.0
designing,0.0,0.0,0.0,0.07963113870844434,0.0,0.0,0.0,0.0,0.0,0.0
desired,0.0,0.0,0.0,0.0,0.0,0.0,0.0,0.07519597035821918,0.0,0.0
despite,0.054302171788811276,0.0,0.0,0.0,0.0,0.0,0.0,0.0,0.0,0.0
development,0.0,0.0,0.23798044399707086,0.13538748600259864,0.0,0.0,0.0,0.0,0.0,0.0
device,0.0,0.0,0.0,0.0,0.0,0.0,0.0,0.0,0.0,0.062103531617924465
dialectical,0.0,0.0,0.0,0.0,0.0,0.0,0.07035323612008913,0.0,0.0,0.0
different,0.143624641567402,0.0,0.0,0.0526544030277668,0.0,0.0,0.0,0.14916522582211214,0.0,0.041064644262221124
digital,0.0,0.0,0.0,0.0,0.0,0.0,0.0,0.0,0.0,0.062103531617924465
direct,0.0,0.0,0.0,0.0,0.0,0.0,0.0,0.07519597035821918,0.0,0.0
directly,0.0,0.10331833832002932,0.0,0.05922402595774957,0.0,0.0,0.0,0.0,0.0,0.04618822772426147
displaying,0.0,0.0,0.0,0.0,0.0,0.0,0.0,0.0,0.0,0.062103531617924465
distributed,0.0,0.0,0.0,0.0,0.0,0.0,0.0,0.0,0.10731710181778421,0.0
document,0.0,0.0,0.0,0.0,0.0,0.0,0.0,0.07519597035821918,0.0,0.0
documentation,0.0,0.0,0.0,0.0,0.0,0.0,0.0,0.0,0.0,0.062103531617924465
domain,0.0,0.0,0.0,0.07963113870844434,0.0,0.0,0.0,0.0,0.0,0.0
dominant,0.0,0.0,0.0,0.0,0.0,0.0,0.0,0.15039194071643835,0.0,0.0
dump,0.0,0.0,0.13997345179645462,0.0,0.0,0.0,0.0,0.0,0.0,0.0
each,0.0,0.0,0.0,0.0,0.0,0.11385477127316877,0.0,0.0,0.0,0.0
early,0.0,0.0,0.0,0.0,0.0,0.0,0.0,0.07519597035821918,0.0,0.0
easier,0.0,0.0,0.0,0.0,0.0,0.0,0.0,0.0,0.0,0.062103531617924465
eax,0.10860434357762255,0.0,0.0,0.0,0.0,0.0,0.0,0.0,0.0,0.0
ebx,0.10860434357762255,0.0,0.0,0.0,0.0,0.0,0.0,0.0,0.0,0.0
effect,0.0,0.0,0.0,0.0,0.0,0.09678695735165097,0.0,0.0,0.0,0.0527936756525502
efficient,0.0,0.0,0.0,0.0,0.0,0.0,0.0,0.0,0.0,0.062103531617924465
efficiently,0.054302171788811276,0.0,0.0,0.0,0.0,0.0,0.0,0.0,0.0,0.0
end,0.0,0.0,0.0,0.0,0.12827085658299292,0.0,0.0,0.0,0.0,0.0
engineering,0.0,0.0,0.0,0.1776720778732487,0.0,0.08467715065564854,0.0,0.0,0.0,0.04618822772426147
entity,0.054302171788811276,0.0,0.0,0.0,0.0,0.0,0.0,0.0,0.0,0.0
equivalent,0.054302171788811276,0.0,0.0,0.0,0.0,0.0,0.0,0.0,0.0,0.0
etc,0.054302171788811276,0.0,0.0,0.0,0.0,0.0,0.0,0.0,0.0,0.0
even,0.054302171788811276,0.0,0.0,0.0,0.0,0.0,0.0,0.0,0.0,0.0
every,0.0,0.0,0.0,0.0,0.0,0.0,0.0,0.07519597035821918,0.0,0.0
exact,0.0461618070657376,0.0,0.0,0.0,0.0,0.0,0.05980667817221626,0.0,0.0,0.0
example,0.071812320783701,0.0,0.0,0.0,0.08481638576043074,0.0,0.0,0.04972174194070405,0.0,0.08212928852444225
executable,0.0,0.0,0.0,0.05922402595774957,0.0,0.0,0.0,0.0,0.07981489310403295,0.09237645544852294
execute,0.0,0.11809404930605166,0.0,0.0,0.0,0.09678695735165097,0.0,0.0,0.0,0.0
executed,0.0,0.1837148129694189,0.0,0.0526544030277668,0.0,0.07528405483690402,0.0,0.0,0.1419223188952408,0.0
executes,0.0,0.0,0.0,0.0,0.0,0.0,0.0,0.0,0.0,0.062103531617924465
executing,0.0,0.0,0.0,0.0,0.0,0.11385477127316877,0.0,0.0,0.0,0.0
execution,0.0,0.0,0.0,0.0,0.0,0.16935430131129708,0.0,0.0,0.07981489310403295,0.04618822772426147
expertise,0.0,0.0,0.0,0.07963113870844434,0.0,0.0,0.0,0.0,0.0,0.0
exploit,0.054302171788811276,0.0,0.0,0.0,0.0,0.0,0.0,0.0,0.0,0.0
expression,0.054302171788811276,0.0,0.0,0.0,0.0,0.0,0.0,0.0,0.0,0.0
extension,0.0,0.0,0.0,0.0,0.0,0.0,0.0,0.07519597035821918,0.0,0.0
facilitate,0.0,0.0,0.0,0.0,0.0,0.0,0.0,0.0,0.10731710181778421,0.0
facility,0.054302171788811276,0.0,0.0,0.0,0.0,0.0,0.0,0.0,0.0,0.0
fallacy,0.0,0.0,0.0,0.0,0.0,0.0,0.07035323612008913,0.0,0.0,0.0
family,0.054302171788811276,0.0,0.0,0.0,0.0,0.0,0.0,0.0,0.0,0.0
fasm,0.054302171788811276,0.0,0.0,0.0,0.0,0.0,0.0,0.0,0.0,0.0
faulty,0.0,0.0,0.0,0.0,0.0,0.0,0.07035323612008913,0.0,0.0,0.0
feature,0.054302171788811276,0.0,0.0,0.0,0.0,0.0,0.0,0.0,0.0,0.0
file,0.0,0.0,0.11899022199853543,0.0,0.0,0.0,0.0,0.0,0.0912293410332331,0.0
find,0.0,0.0,0.0,0.07963113870844434,0.0,0.0,0.0,0.0,0.0,0.0
finding,0.0,0.0,0.13997345179645462,0.0,0.0,0.0,0.0,0.0,0.0,0.0
first,0.054302171788811276,0.0,0.0,0.0,0.0,0.0,0.0,0.0,0.0,0.0
flow,0.0,0.0,0.13997345179645462,0.0,0.0,0.0,0.0,0.0,0.0,0.0
follows,0.0,0.0,0.0,0.0,0.0,0.11385477127316877,0.0,0.0,0.0,0.0
for,0.0461618070657376,0.0,0.0,0.0,0.0,0.0,0.0,0.0,0.0,0.0527936756525502
form,0.06449152331184822,0.1649862866712731,0.0,0.0,0.0,0.0,0.04177721827543515,0.13395880447032213,0.06372713231948185,0.0
formal,0.0,0.0,0.0,0.05922402595774957,0.0,0.0,0.05232377622330803,0.05592546047493713,0.0,0.0
fortran,0.054302171788811276,0.0,0.0,0.0,0.0,0.0,0.0,0.0,0.0,0.0
from,0.0,0.13891924429044444,0.0,0.0,0.0,0.0,0.0,0.0,0.0,0.0
functional,0.0,0.13891924429044444,0.0,0.0,0.0,0.0,0.0,0.0,0.0,0.0
general,0.0,0.0,0.0,0.0,0.0,0.0,0.0,0.07519597035821918,0.0,0.0
generally,0.054302171788811276,0.0,0.0,0.0,0.0,0.0,0.0,0.0,0.0,0.0
generate,0.10860434357762255,0.0,0.0,0.0,0.0,0.0,0.0,0.0,0.0,0.0
generating,0.0,0.0,0.0,0.07963113870844434,0.0,0.0,0.0,0.0,0.0,0.0
generator,0.054302171788811276,0.0,0.0,0.0,0.0,0.0,0.0,0.0,0.0,0.0
given,0.0,0.0,0.0,0.07963113870844434,0.0,0.0,0.0,0.0,0.0,0.0
gnu,0.054302171788811276,0.0,0.0,0.0,0.0,0.0,0.0,0.0,0.0,0.0
gpu,0.0,0.0,0.0,0.0,0.0,0.0,0.0,0.0,0.0,0.062103531617924465
graphic,0.0,0.0,0.0,0.0,0.0,0.0,0.0,0.0,0.0,0.062103531617924465
greek,0.0,0.0,0.0,0.0,0.0,0.0,0.07035323612008913,0.0,0.0,0.0
group,0.0,0.0,0.0,0.0,0.0,0.0,0.0,0.0,0.0,0.062103531617924465
guy,0.054302171788811276,0.0,0.0,0.0,0.0,0.0,0.0,0.0,0.0,0.0
hamirpur,0.054302171788811276,0.0,0.0,0.0,0.0,0.0,0.0,0.0,0.0,0.0
hardware,0.0,0.0,0.0,0.0,0.0,0.0,0.0,0.0,0.0,0.12420706323584893
hello,0.054302171788811276,0.0,0.0,0.0,0.0,0.0,0.0,0.0,0.0,0.0
help,0.054302171788811276,0.0,0.0,0.0,0.0,0.0,0.0,0.0,0.0,0.0
high,0.0923236141314752,0.0,0.0,0.0,0.0,0.0,0.0,0.0,0.0,0.1055873513051004
historically,0.0,0.0,0.0,0.0,0.0,0.0,0.07035323612008913,0.0,0.0,0.0
however,0.0,0.0,0.0,0.0,0.0,0.0,0.07035323612008913,0.0,0.0,0.0
human,0.0,0.10331833832002932,0.0,0.0,0.0,0.08467715065564854,0.0,0.0,0.07981489310403295,0.0
ideal,0.054302171788811276,0.0,0.0,0.0,0.0,0.0,0.0,0.0,0.0,0.0
immediately,0.0,0.0,0.0,0.0,0.0,0.0,0.0,0.0,0.10731710181778421,0.0
imperative,0.0,0.0,0.0,0.0,0.0,0.0,0.0,0.07519597035821918,0.0,0.0
implement,0.0,0.0,0.0,0.06769374300129932,0.0,0.0,0.0,0.06392344470672275,0.0,0.0
implementation,0.0,0.0,0.0,0.20308122900389797,0.0,0.0,0.0,0.1278468894134455,0.0,0.0
include,0.04038612637899778,0.0,0.0,0.05922402595774957,0.09539881839073042,0.0,0.0,0.0,0.0,0.0
included,0.0,0.0,0.0,0.0,0.0,0.0,0.0,0.0,0.10731710181778421,0.0
includes,0.0359061603918505,0.0,0.0,0.0,0.0,0.0,0.04651958654688919,0.0,0.0709611594476204,0.041064644262221124
including,0.0,0.0,0.0,0.06769374300129932,0.0,0.0,0.0,0.0,0.0,0.0527936756525502
individual,0.0,0.0,0.0,0.0,0.0,0.0,0.0,0.0,0.0,0.062103531617924465
inductive,0.0,0.0,0.0,0.0,0.0,0.0,0.07035323612008913,0.0,0.0,0.0
inference,0.0,0.0,0.0,0.0,0.0,0.0,0.2110597083602674,0.0,0.0,0.0
information,0.0,0.0,0.0,0.0,0.0,0.0,0.0,0.0,0.0,0.062103531617924465
inline,0.054302171788811276,0.0,0.0,0.0,0.0,0.0,0.0,0.0,0.0,0.0
input,0.0,0.0,0.0,0.0,0.0,0.0,0.0,0.06392344470672275,0.0,0.0527936756525502
insertion,0.054302171788811276,0.0,0.0,0.0,0.0,0.0,0.0,0.0,0.0,0.0
instance,0.054302171788811276,0.0,0.0,0.0,0.0,0.0,0.0,0.0,0.0,0.0
instead,0.054302171788811276,0.0,0.0,0.0,0.0,0.0,0.0,0.0,0.0,0.0
instructed,0.0,0.0,0.0,0.0,0.0,0.0,0.0,0.0,0.0,0.062103531617924465
instruction,0.20405657035265412,0.14915154331020947,0.0,0.04274824303349165,0.0,0.3056022751808207,0.0,0.08073463894021932,0.0,0.26671143031736083
integration,0.0,0.0,0.13997345179645462,0.0,0.0,0.0,0.0,0.0,0.0,0.0
intel,0.054302171788811276,0.0,0.0,0.0,0.0,0.0,0.0,0.0,0.0,0.0
intellectual,0.0,0.0,0.0,0.0,0.0,0.0,0.07035323612008913,0.0,0.0,0.0
intelligible,0.0,0.0,0.0,0.07963113870844434,0.0,0.0,0.0,0.0,0.0,0.0
interaction,0.0,0.0,0.0,0.0,0.0,0.11385477127316877,0.0,0.0,0.0,0.0
interactive,0.0,0.0,0.11899022199853543,0.0,0.0,0.09678695735165097,0.0,0.0,0.0,0.0
interdisciplinary,0.0,0.0,0.0,0.0,0.0,0.0,0.07035323612008913,0.0,0.0,0.0
interpretation,0.054302171788811276,0.0,0.0,0.0,0.0,0.0,0.0,0.0,0.0,0.0
interpreted,0.0,0.0,0.0,0.0,0.0,0.0,0.0,0.0,0.10731710181778421,0.0
interpreter,0.0,0.10331833832002932,0.0,0.0,0.0,0.08467715065564854,0.0,0.0,0.0,0.04618822772426147
interrupted,0.0,0.0,0.0,0.0,0.0,0.0,0.0,0.0,0.0,0.062103531617924465
invoke,0.0,0.0,0.0,0.0,0.0,0.0,0.0,0.0,0.0,0.062103531617924465
invoking,0.0,0.0,0.0,0.0,0.0,0.11385477127316877,0.0,0.0,0.0,0.0
involve,0.0,0.0,0.13997345179645462,0.0,0.0,0.0,0.0,0.0,0.0,0.0
involves,0.0,0.0,0.0,0.07963113870844434,0.0,0.0,0.0,0.0,0.0,0.0
iso,0.0,0.0,0.0,0.0,0.0,0.0,0.0,0.07519597035821918,0.0,0.0
jacquard,0.0,0.0,0.0,0.0,0.0,0.0,0.0,0.07519597035821918,0.0,0.0
jump,0.1846472282629504,0.0,0.0,0.0,0.0,0.0,0.0,0.0,0.0,0.0527936756525502
key,0.054302171788811276,0.0,0.0,0.0,0.0,0.0,0.0,0.0,0.0,0.0
kind,0.0,0.0,0.0,0.0,0.0,0.0,0.0,0.15039194071643835,0.0,0.0
knowledge,0.0,0.0,0.0,0.07963113870844434,0.0,0.0,0.0,0.0,0.0,0.0
known,0.04038612637899778,0.10331833832002932,0.10410238352788946,0.0,0.0,0.0,0.0,0.0,0.0,0.0
language,0.07231619079855135,0.0616679483512438,0.06213592393205109,0.07069846908691912,0.0,0.0,0.031230660327562287,0.5007061375791643,0.047639371534930745,0.2756851579351296
larger,0.0,0.0,0.0,0.07963113870844434,0.0,0.0,0.0,0.0,0.0,0.0
later,0.0,0.0,0.0,0.0,0.0,0.0,0.0,0.0,0.10731710181778421,0.0
launching,0.0,0.0,0.0,0.0,0.0,0.11385477127316877,0.0,0.0,0.0,0.0
lead,0.0,0.0,0.0,0.0,0.0,0.0,0.07035323612008913,0.0,0.0,0.0
level,0.08077225275799556,0.0,0.10410238352788946,0.0,0.0,0.0,0.0,0.0,0.0,0.18475291089704587
library,0.0,0.11809404930605166,0.0,0.0,0.0,0.0,0.0,0.0,0.0,0.0527936756525502
line,0.0,0.13891924429044444,0.0,0.0,0.0,0.0,0.0,0.0,0.0,0.0
linguistics,0.0,0.0,0.0,0.0,0.0,0.0,0.07035323612008913,0.0,0.0,0.0
lisp,0.054302171788811276,0.0,0.0,0.0,0.0,0.0,0.0,0.0,0.0,0.0
location,0.0461618070657376,0.0,0.0,0.0,0.0,0.0,0.0,0.0,0.0,0.0527936756525502
log,0.0,0.0,0.13997345179645462,0.0,0.0,0.0,0.0,0.0,0.0,0.0
logic,0.0,0.0,0.0,0.06769374300129932,0.0,0.0,0.41864674720551376,0.0,0.0,0.0
logical,0.0,0.0,0.0,0.0,0.0,0.0,0.14070647224017827,0.0,0.0,0.0
logik,0.0,0.0,0.0,0.0,0.0,0.0,0.07035323612008913,0.0,0.0,0.0
long,0.054302171788811276,0.0,0.0,0.0,0.0,0.0,0.0,0.0,0.0,0.0
loom,0.0,0.0,0.0,0.0,0.0,0.0,0.0,0.07519597035821918,0.0,0.0
low,0.0,0.0,0.0,0.0,0.0,0.0,0.0,0.0,0.0,0.062103531617924465
lowest,0.0,0.0,0.0,0.0,0.0,0.0,0.0,0.0,0.0,0.062103531617924465
machine,0.05294016193836858,0.06771743234961419,0.0,0.0776338264141096,0.0,0.11099906007625661,0.0,0.1466198023666203,0.10462536878056339,0.18163754298359086
macro,0.054302171788811276,0.0,0.0,0.0,0.0,0.0,0.0,0.0,0.0,0.0
mainly,0.0,0.0,0.0,0.0,0.0,0.0,0.07035323612008913,0.0,0.0,0.0
maintenance,0.0,0.0,0.0,0.07963113870844434,0.0,0.0,0.0,0.0,0.0,0.0
majority,0.0,0.0,0.0,0.0,0.0,0.0,0.0,0.0,0.0,0.062103531617924465
management,0.0,0.0,0.0,0.07963113870844434,0.0,0.0,0.0,0.0,0.0,0.0
manipulation,0.0,0.13891924429044444,0.0,0.0,0.0,0.0,0.0,0.0,0.0,0.0
manual,0.054302171788811276,0.0,0.0,0.0,0.0,0.0,0.0,0.0,0.0,0.0
many,0.0,0.0,0.10410238352788946,0.0,0.0,0.0,0.0,0.05592546047493713,0.0,0.04618822772426147
mathematics,0.0,0.0,0.0,0.0,0.0,0.0,0.07035323612008913,0.0,0.0,0.0
may,0.14575469310903866,0.14915154331020947,0.0,0.0,0.1377188331162835,0.12224091007232829,0.0,0.0,0.057610849531530346,0.1000167863690103
meaning,0.0,0.0,0.0,0.0,0.0,0.08467715065564854,0.05232377622330803,0.05592546047493713,0.0,0.0
medium,0.0,0.0,0.0,0.0,0.10904194691824569,0.0,0.0,0.0,0.0,0.0527936756525502
memory,0.0923236141314752,0.0,0.11899022199853543,0.0,0.0,0.0,0.0,0.0,0.0,0.0
method,0.0,0.13891924429044444,0.0,0.0,0.0,0.0,0.0,0.0,0.0,0.0
mid,0.0,0.0,0.0,0.0,0.0,0.0,0.14070647224017827,0.0,0.0,0.0
might,0.04038612637899778,0.0,0.0,0.05922402595774957,0.0,0.0,0.0,0.0,0.1596297862080659,0.0
mnemonic,0.054302171788811276,0.0,0.0,0.0,0.0,0.0,0.0,0.0,0.0,0.0
mobile,0.0,0.0,0.0,0.0,0.25654171316598584,0.0,0.0,0.0,0.0,0.0
mode,0.16290651536643383,0.0,0.0,0.0,0.0,0.0,0.0,0.0,0.0,0.0
modification,0.054302171788811276,0.0,0.0,0.0,0.0,0.0,0.0,0.0,0.0,0.0
modify,0.0,0.0,0.0,0.0,0.0,0.0,0.0,0.0,0.10731710181778421,0.0
monitoring,0.0,0.0,0.13997345179645462,0.0,0.0,0.0,0.0,0.0,0.0,0.0
more,0.0,0.0,0.0,0.0,0.0,0.0,0.14070647224017827,0.0,0.0,0.0
most,0.04038612637899778,0.0,0.0,0.0,0.0,0.0,0.0,0.05592546047493713,0.07981489310403295,0.0
mostly,0.0,0.0,0.0,0.0,0.0,0.0,0.0,0.0,0.10731710181778421,0.0
much,0.0,0.0,0.0,0.0,0.0,0.0,0.0,0.0,0.0,0.062103531617924465
multiple,0.0,0.0,0.0,0.0,0.0,0.0,0.0,0.0,0.0,0.12420706323584893
music,0.0,0.0,0.0,0.0,0.0,0.0,0.0,0.07519597035821918,0.0,0.0
must,0.0,0.0,0.0,0.0,0.0,0.11385477127316877,0.0,0.0,0.0,0.0
name,0.054302171788811276,0.0,0.0,0.0,0.0,0.0,0.0,0.0,0.0,0.0
natural,0.0,0.0,0.0,0.0,0.0,0.0,0.0,0.0,0.0,0.062103531617924465
needed,0.054302171788811276,0.0,0.0,0.0,0.0,0.0,0.0,0.0,0.0,0.0
neither,0.0,0.0,0.0,0.0,0.0,0.0,0.0,0.0,0.0,0.062103531617924465
non,0.0,0.0,0.0,0.0,0.0,0.0,0.0,0.0,0.0,0.062103531617924465
noun,0.0,0.0,0.0,0.0,0.12827085658299292,0.0,0.0,0.0,0.0,0.0
number,0.054302171788811276,0.0,0.0,0.0,0.0,0.0,0.0,0.0,0.0,0.0
numeric,0.054302171788811276,0.0,0.0,0.0,0.0,0.0,0.0,0.0,0.0,0.0
numerical,0.054302171788811276,0.0,0.0,0.0,0.0,0.0,0.0,0.0,0.0,0.0
object,0.054302171788811276,0.0,0.0,0.0,0.0,0.0,0.0,0.0,0.0,0.0
observable,0.0,0.0,0.0,0.0,0.0,0.0,0.0,0.0,0.0,0.062103531617924465
offer,0.0,0.0,0.13997345179645462,0.0,0.0,0.0,0.0,0.0,0.0,0.0
often,0.0,0.0,0.0,0.20308122900389797,0.0,0.0,0.0,0.0,0.0912293410332331,0.0
one,0.05830187724361546,0.0,0.0,0.04274824303349165,0.06885941655814175,0.0,0.03776760303360162,0.04036731947010966,0.0,0.033338928789670104
online,0.0,0.0,0.0,0.0,0.0,0.0,0.0,0.0,0.0,0.062103531617924465
opcode,0.054302171788811276,0.0,0.0,0.0,0.0,0.0,0.0,0.0,0.0,0.0
open,0.0,0.0,0.0,0.0,0.12827085658299292,0.0,0.0,0.0,0.0,0.0
operating,0.0,0.0,0.0,0.06769374300129932,0.0,0.0,0.0,0.0,0.0,0.0527936756525502
operation,0.06449152331184822,0.0,0.08311915372997027,0.0,0.1523398174519664,0.0,0.0,0.0446529348234407,0.0,0.03687837175888721
optimization,0.054302171788811276,0.0,0.0,0.0,0.0,0.0,0.0,0.0,0.0,0.0
optimize,0.054302171788811276,0.0,0.0,0.0,0.0,0.0,0.0,0.0,0.0,0.0
order,0.04038612637899778,0.0,0.0,0.0,0.0,0.08467715065564854,0.0,0.0,0.0,0.04618822772426147
original,0.054302171788811276,0.0,0.0,0.0,0.0,0.0,0.0,0.0,0.0,0.0
others,0.054302171788811276,0.0,0.0,0.0,0.0,0.0,0.0,0.0,0.0,0.0
output,0.0,0.0,0.0,0.0,0.0,0.0,0.0,0.06392344470672275,0.0,0.0527936756525502
overall,0.0,0.0,0.0,0.0,0.0,0.0,0.07035323612008913,0.0,0.0,0.0
paradox,0.0,0.0,0.0,0.0,0.0,0.0,0.07035323612008913,0.0,0.0,0.0
part,0.0,0.0,0.0,0.07963113870844434,0.0,0.0,0.0,0.0,0.0,0.0
particular,0.04038612637899778,0.0,0.0,0.0,0.0,0.08467715065564854,0.0,0.0,0.0,0.04618822772426147
pass,0.054302171788811276,0.0,0.0,0.0,0.0,0.0,0.0,0.0,0.0,0.0
past,0.0,0.0,0.0,0.0,0.0,0.0,0.0,0.0,0.0,0.062103531617924465
perform,0.071812320783701,0.09185740648470946,0.0,0.0526544030277668,0.0,0.0,0.0,0.04972174194070405,0.0,0.0
performance,0.0,0.0,0.0,0.07963113870844434,0.0,0.0,0.0,0.0,0.0,0.0
performed,0.0,0.0,0.0,0.0,0.0,0.0,0.0,0.0,0.10731710181778421,0.0
performing,0.0461618070657376,0.0,0.0,0.0,0.0,0.0,0.0,0.0,0.0,0.0527936756525502
performs,0.0,0.0,0.0,0.0,0.0,0.0,0.0,0.0,0.0,0.062103531617924465
perhaps,0.054302171788811276,0.0,0.0,0.0,0.0,0.0,0.0,0.0,0.0,0.0
perl,0.0,0.0,0.0,0.0,0.0,0.0,0.0,0.07519597035821918,0.0,0.0
personal,0.0,0.0,0.0,0.0,0.0,0.0,0.0,0.0,0.0,0.062103531617924465
philosophy,0.0,0.0,0.0,0.0,0.0,0.0,0.07035323612008913,0.0,0.0,0.0
physical,0.0,0.0,0.0,0.0,0.0,0.0,0.0,0.0,0.0,0.062103531617924465
piano,0.0,0.0,0.0,0.0,0.0,0.0,0.0,0.15039194071643835,0.0,0.0
pipeline,0.054302171788811276,0.0,0.0,0.0,0.0,0.0,0.0,0.0,0.0,0.0
plain,0.0,0.0,0.0,0.0,0.0,0.0,0.0,0.0,0.10731710181778421,0.0
platform,0.0,0.0,0.0,0.0,0.12827085658299292,0.0,0.0,0.0,0.0,0.0
player,0.0,0.0,0.0,0.0,0.10904194691824569,0.0,0.0,0.1278468894134455,0.0,0.0
please,0.0,0.0,0.0,0.0,0.0,0.11385477127316877,0.0,0.0,0.0,0.0
possessed,0.0,0.0,0.0,0.0,0.0,0.0,0.07035323612008913,0.0,0.0,0.0
possible,0.054302171788811276,0.0,0.0,0.0,0.0,0.0,0.0,0.0,0.0,0.0
practice,0.0,0.0,0.0,0.07963113870844434,0.0,0.0,0.0,0.0,0.0,0.0
preceding,0.0,0.0,0.0,0.0,0.0,0.0,0.0,0.0,0.0,0.062103531617924465
premise,0.0,0.0,0.0,0.0,0.0,0.0,0.07035323612008913,0.0,0.0,0.0
prevent,0.0,0.0,0.13997345179645462,0.0,0.0,0.0,0.0,0.0,0.0,0.0
principal,0.0,0.0,0.0,0.0,0.12827085658299292,0.0,0.0,0.0,0.0,0.0
problem,0.0,0.0,0.10410238352788946,0.05922402595774957,0.0,0.08467715065564854,0.0,0.0,0.0,0.0
process,0.0,0.0,0.10410238352788946,0.23689610383099827,0.0,0.16935430131129708,0.0,0.0,0.0,0.0
processed,0.0,0.0,0.0,0.0,0.0,0.0,0.0,0.0,0.0,0.062103531617924465
processing,0.0,0.0,0.0,0.06769374300129932,0.0,0.0,0.0,0.0,0.0,0.1055873513051004
processor,0.04038612637899778,0.0,0.0,0.0,0.09539881839073042,0.0,0.0,0.0,0.0,0.23094113862130736
produce,0.0,0.0,0.0,0.0,0.0,0.0,0.0,0.15039194071643835,0.0,0.0
produced,0.0,0.0,0.0,0.0,0.0,0.11385477127316877,0.0,0.0,0.0,0.0
proficient,0.0,0.0,0.0,0.07963113870844434,0.0,0.0,0.0,0.0,0.0,0.0
profiling,0.0,0.0,0.11899022199853543,0.06769374300129932,0.0,0.0,0.0,0.0,0.0,0.0
program,0.043980229964074025,0.3375390030857661,0.11336682118010122,0.09674187083121612,0.1038886951363365,0.23053217109691898,0.0,0.060902464114844006,0.08691790146773828,0.05029868073711627
programmable,0.0,0.0,0.0,0.0,0.0,0.0,0.0,0.07519597035821918,0.0,0.0
programmer,0.0,0.09185740648470946,0.0,0.1053088060555336,0.0,0.0,0.0,0.0,0.1419223188952408,0.041064644262221124
programming,0.05294016193836858,0.06771743234961419,0.1364626305186486,0.3105353056564384,0.0,0.0,0.0,0.32989455532489564,0.052312684390281694,0.06054584766119695
project,0.0,0.0,0.0,0.0,0.12827085658299292,0.0,0.0,0.0,0.0,0.0
property,0.054302171788811276,0.0,0.0,0.0,0.0,0.0,0.0,0.0,0.0,0.0
proposition,0.0,0.0,0.0,0.0,0.0,0.0,0.14070647224017827,0.0,0.0,0.0
proprietary,0.0,0.0,0.0,0.0,0.12827085658299292,0.0,0.0,0.0,0.0,0.0
provided,0.0,0.0,0.0,0.0,0.0,0.0,0.0,0.0,0.0,0.062103531617924465
published,0.0,0.0,0.0,0.0,0.12827085658299292,0.0,0.0,0.0,0.0,0.0
purpose,0.0,0.0,0.0,0.07963113870844434,0.0,0.0,0.0,0.0,0.0,0.0
rather,0.0,0.0,0.0,0.06769374300129932,0.0,0.0,0.0,0.06392344470672275,0.0,0.0
read,0.0,0.0,0.0,0.0,0.0,0.11385477127316877,0.0,0.0,0.0,0.0
readable,0.0,0.11809404930605166,0.0,0.0,0.0,0.0,0.0,0.0,0.0912293410332331,0.0
realistically,0.0,0.0,0.0,0.0,0.0,0.0,0.0,0.0,0.0,0.062103531617924465
rearrangement,0.054302171788811276,0.0,0.0,0.0,0.0,0.0,0.0,0.0,0.0,0.0
reason,0.0,0.0,0.0,0.0,0.0,0.0,0.07035323612008913,0.0,0.0,0.0
recently,0.0,0.0,0.0,0.0,0.0,0.0,0.07035323612008913,0.0,0.0,0.0
reference,0.0461618070657376,0.0,0.0,0.0,0.0,0.0,0.0,0.06392344470672275,0.0,0.0
referred,0.0,0.11809404930605166,0.0,0.06769374300129932,0.0,0.0,0.0,0.0,0.0,0.0
refers,0.0,0.0,0.0,0.0,0.10904194691824569,0.09678695735165097,0.0,0.0,0.0,0.0
register,0.054302171788811276,0.0,0.0,0.0,0.0,0.0,0.0,0.0,0.0,0.0
related,0.0,0.09185740648470946,0.0,0.1053088060555336,0.0,0.07528405483690402,0.0,0.0,0.0,0.041064644262221124
relating,0.0,0.0,0.0,0.0,0.25654171316598584,0.0,0.0,0.0,0.0,0.0
relation,0.0,0.0,0.0,0.0,0.0,0.0,0.07035323612008913,0.0,0.0,0.0
relative,0.054302171788811276,0.0,0.0,0.0,0.0,0.0,0.0,0.0,0.0,0.0
remains,0.0,0.0,0.0,0.0,0.0,0.0,0.07035323612008913,0.0,0.0,0.0
replaced,0.054302171788811276,0.0,0.0,0.0,0.0,0.0,0.0,0.0,0.0,0.0
replacement,0.054302171788811276,0.0,0.0,0.0,0.0,0.0,0.0,0.0,0.0,0.0
representation,0.054302171788811276,0.0,0.0,0.0,0.0,0.0,0.0,0.0,0.0,0.0
request,0.054302171788811276,0.0,0.0,0.0,0.0,0.0,0.0,0.0,0.0,0.0
require,0.0,0.0,0.0,0.0,0.0,0.0,0.0,0.0,0.0,0.062103531617924465
requires,0.0,0.0,0.0,0.07963113870844434,0.0,0.0,0.0,0.0,0.0,0.0
reserved,0.0,0.0,0.0,0.07963113870844434,0.0,0.0,0.0,0.0,0.0,0.0
resolve,0.054302171788811276,0.0,0.0,0.0,0.0,0.0,0.0,0.0,0.0,0.0
resolving,0.0,0.0,0.13997345179645462,0.0,0.0,0.0,0.0,0.0,0.0,0.0
resource,0.0,0.0,0.0,0.07963113870844434,0.0,0.0,0.0,0.0,0.0,0.0
response,0.0,0.0,0.0,0.0,0.0,0.0,0.0,0.07519597035821918,0.0,0.0
result,0.0,0.0,0.0,0.06769374300129932,0.0,0.0,0.0,0.06392344470672275,0.0,0.0
reverse,0.0,0.0,0.0,0.07963113870844434,0.0,0.0,0.0,0.0,0.0,0.0
risc,0.054302171788811276,0.0,0.0,0.0,0.0,0.0,0.0,0.0,0.0,0.0
rival,0.0,0.0,0.0,0.0,0.0,0.0,0.07035323612008913,0.0,0.0,0.0
rule,0.0,0.0,0.0,0.0,0.0,0.0,0.07035323612008913,0.0,0.0,0.0
run,0.0,0.0,0.0,0.0,0.0,0.3415643138195063,0.0,0.0,0.0,0.0
saving,0.054302171788811276,0.0,0.0,0.0,0.0,0.0,0.0,0.0,0.0,0.0
scheduling,0.054302171788811276,0.0,0.0,0.0,0.0,0.0,0.0,0.0,0.0,0.0
science,0.0,0.0,0.0,0.0,0.0,0.0,0.11961335634443251,0.0,0.0,0.0527936756525502
scope,0.0,0.0,0.0,0.0,0.0,0.0,0.07035323612008913,0.0,0.0,0.0
screen,0.0,0.0,0.0,0.0,0.0,0.0,0.0,0.0,0.0,0.062103531617924465
scroll,0.0,0.0,0.0,0.0,0.0,0.0,0.0,0.07519597035821918,0.0,0.0
see,0.0,0.0,0.0,0.0,0.0,0.0,0.07035323612008913,0.0,0.0,0.0
semantic,0.054302171788811276,0.0,0.0,0.0,0.0,0.0,0.0,0.0,0.0,0.0
semantics,0.0,0.0,0.0,0.0,0.0,0.08467715065564854,0.05232377622330803,0.05592546047493713,0.0,0.0
semi,0.054302171788811276,0.0,0.0,0.0,0.0,0.0,0.0,0.0,0.0,0.0
sensible,0.054302171788811276,0.0,0.0,0.0,0.0,0.0,0.0,0.0,0.0,0.0
separately,0.0,0.0,0.0,0.0,0.12827085658299292,0.0,0.0,0.0,0.0,0.0
sequence,0.04038612637899778,0.0,0.0,0.05922402595774957,0.0,0.0,0.0,0.05592546047493713,0.0,0.0
server,0.0,0.0,0.0,0.0,0.0,0.0,0.0,0.0,0.0,0.062103531617924465
session,0.0,0.0,0.0,0.0,0.0,0.11385477127316877,0.0,0.0,0.0,0.0
set,0.08077225275799556,0.0,0.0,0.0,0.0,0.0,0.05232377622330803,0.11185092094987426,0.0,0.0
several,0.0923236141314752,0.0,0.0,0.06769374300129932,0.0,0.0,0.0,0.0,0.0,0.0
short,0.0923236141314752,0.0,0.0,0.0,0.10904194691824569,0.0,0.0,0.0,0.0,0.0
signifying,0.0,0.0,0.0,0.0,0.0,0.0,0.0,0.0,0.0,0.062103531617924465
similar,0.054302171788811276,0.0,0.0,0.0,0.0,0.0,0.0,0.0,0.0,0.0
simple,0.10860434357762255,0.0,0.0,0.0,0.0,0.0,0.0,0.0,0.0,0.0
simply,0.0,0.0,0.0,0.0,0.0,0.11385477127316877,0.0,0.0,0.0,0.0
since,0.04038612637899778,0.0,0.0,0.0,0.0,0.0,0.15697132866992408,0.05592546047493713,0.0,0.0
single,0.054302171788811276,0.0,0.0,0.0,0.0,0.0,0.0,0.0,0.0,0.0
sizing,0.054302171788811276,0.0,0.0,0.0,0.0,0.0,0.0,0.0,0.0,0.0
smartphone,0.0,0.0,0.0,0.0,0.0,0.0,0.0,0.0,0.0,0.062103531617924465
software,0.0,0.2031522970488426,0.2046939457779729,0.11645073962116438,0.25010712079387165,0.055499530038128304,0.0,0.0,0.052312684390281694,0.21191046681418932
solved,0.0,0.0,0.0,0.0,0.0,0.11385477127316877,0.0,0.0,0.0,0.0
solving,0.0,0.0,0.0,0.07963113870844434,0.0,0.0,0.0,0.0,0.0,0.0
some,0.0461618070657376,0.0,0.0,0.0,0.0,0.0,0.0,0.1278468894134455,0.0,0.0
source,0.0,0.09185740648470946,0.0,0.1053088060555336,0.08481638576043074,0.0,0.0,0.0,0.4257669566857224,0.0
special,0.054302171788811276,0.0,0.0,0.0,0.0,0.0,0.0,0.0,0.0,0.0
specialized,0.0,0.0,0.0,0.07963113870844434,0.0,0.0,0.0,0.0,0.0,0.0
specially,0.0,0.0,0.0,0.0,0.0,0.0,0.0,0.0,0.10731710181778421,0.0
specific,0.02915093862180773,0.07457577165510473,0.0,0.0854964860669833,0.06885941655814175,0.18336136510849244,0.0,0.04036731947010966,0.0,0.0
specification,0.0,0.0,0.0,0.0,0.0,0.0,0.0,0.07519597035821918,0.0,0.0
specified,0.0,0.0,0.0,0.0,0.0,0.0,0.0,0.15039194071643835,0.0,0.0
specify,0.0,0.0,0.0,0.0,0.0,0.0,0.0,0.0,0.10731710181778421,0.0
speedcode,0.054302171788811276,0.0,0.0,0.0,0.0,0.0,0.0,0.0,0.0,0.0
split,0.0,0.0,0.0,0.0,0.0,0.0,0.0,0.07519597035821918,0.0,0.0
standard,0.0,0.0,0.0,0.0,0.0,0.0,0.0,0.15039194071643835,0.0,0.0
starting,0.0,0.0,0.0,0.0,0.0,0.11385477127316877,0.0,0.0,0.0,0.0
state,0.0,0.0,0.0,0.0,0.0,0.0,0.0,0.0,0.0,0.18631059485377338
step,0.054302171788811276,0.0,0.0,0.0,0.0,0.0,0.0,0.0,0.0,0.0
storage,0.0,0.0,0.0,0.0,0.0,0.0,0.0,0.0,0.0,0.062103531617924465
stored,0.0,0.0,0.0,0.0,0.0,0.0,0.0,0.0,0.0912293410332331,0.0527936756525502
strength,0.0,0.0,0.0,0.0,0.0,0.0,0.07035323612008913,0.0,0.0,0.0
string,0.0,0.0,0.0,0.0,0.0,0.0,0.0,0.07519597035821918,0.0,0.0
strong,0.0,0.0,0.0,0.0,0.0,0.0,0.0,0.0,0.0,0.062103531617924465
strongly,0.0,0.0,0.0,0.0,0.0,0.0,0.07035323612008913,0.0,0.0,0.0
studied,0.0,0.0,0.0,0.0,0.0,0.0,0.14070647224017827,0.0,0.0,0.0
study,0.0,0.0,0.0,0.0,0.0,0.0,0.41864674720551376,0.0,0.0912293410332331,0.0
subject,0.0,0.0,0.0,0.07963113870844434,0.0,0.0,0.0,0.0,0.0,0.0
subroutine,0.054302171788811276,0.0,0.0,0.0,0.0,0.0,0.0,0.0,0.0,0.0
substitution,0.054302171788811276,0.0,0.0,0.0,0.0,0.0,0.0,0.0,0.0,0.0
support,0.054302171788811276,0.0,0.0,0.0,0.0,0.0,0.0,0.0,0.0,0.0
supported,0.0,0.0,0.0,0.0,0.0,0.0,0.0,0.0,0.0,0.062103531617924465
symbolic,0.10860434357762255,0.0,0.0,0.0,0.0,0.0,0.0,0.0,0.0,0.0
synonymously,0.0,0.0,0.0,0.0,0.0,0.11385477127316877,0.0,0.0,0.0,0.0
syntactic,0.10860434357762255,0.0,0.0,0.0,0.0,0.0,0.0,0.0,0.0,0.0
syntax,0.2423167582739867,0.0,0.0,0.0,0.0,0.0,0.05232377622330803,0.05592546047493713,0.0,0.0
system,0.0,0.07457577165510473,0.15028340000359808,0.0854964860669833,0.1377188331162835,0.0,0.0,0.0,0.057610849531530346,0.1000167863690103
systematic,0.0,0.0,0.0,0.0,0.0,0.0,0.2110597083602674,0.0,0.0,0.0
tactic,0.0,0.0,0.13997345179645462,0.0,0.0,0.0,0.0,0.0,0.0,0.0
taken,0.0,0.0,0.0,0.0,0.0,0.0,0.0,0.07519597035821918,0.0,0.0
task,0.0,0.10331833832002932,0.0,0.23689610383099827,0.09539881839073042,0.0,0.0,0.0,0.0,0.0
tasm,0.054302171788811276,0.0,0.0,0.0,0.0,0.0,0.0,0.0,0.0,0.0
technique,0.0,0.0,0.0,0.07963113870844434,0.0,0.0,0.0,0.0,0.0,0.0
tedious,0.054302171788811276,0.0,0.0,0.0,0.0,0.0,0.0,0.0,0.0,0.0
tell,0.0,0.0,0.0,0.0,0.0,0.0,0.0,0.0,0.0,0.062103531617924465
term,0.0,0.0,0.0,0.13538748600259864,0.0,0.09678695735165097,0.0,0.0,0.0,0.0
testing,0.0,0.0,0.23798044399707086,0.06769374300129932,0.0,0.0,0.0,0.0,0.0,0.0
text,0.0,0.0,0.0,0.0,0.0,0.0,0.0,0.0,0.0912293410332331,0.0527936756525502
textual,0.054302171788811276,0.0,0.0,0.0,0.0,0.0,0.0,0.0,0.0,0.0
the,0.043980229964074025,0.05625650051429435,0.0,0.06449458055414407,0.1038886951363365,0.0461064342193838,0.22792101320086466,0.060902464114844006,0.13037685220160744,0.05029868073711627
there,0.08077225275799556,0.0,0.0,0.0,0.0,0.0,0.05232377622330803,0.05592546047493713,0.0,0.0
these,0.0,0.0,0.0,0.07963113870844434,0.0,0.0,0.0,0.0,0.0,0.0
they,0.0,0.0,0.0,0.0,0.0,0.0,0.0,0.0,0.0,0.062103531617924465
this,0.0461618070657376,0.0,0.0,0.0,0.0,0.0,0.0,0.0,0.0,0.0527936756525502
thousand,0.0,0.0,0.0,0.0,0.0,0.0,0.0,0.07519597035821918,0.0,0.0
thus,0.0,0.0,0.0,0.06769374300129932,0.0,0.0,0.0,0.0,0.0912293410332331,0.0
time,0.0,0.0,0.0,0.0,0.0,0.0,0.0,0.0,0.10731710181778421,0.0
together,0.0,0.0,0.0,0.0,0.0,0.09678695735165097,0.0,0.0,0.0,0.0527936756525502
tool,0.0,0.0,0.13997345179645462,0.0,0.0,0.0,0.0,0.0,0.0,0.0
transformed,0.0,0.0,0.0,0.0,0.0,0.0,0.0,0.0,0.10731710181778421,0.0
translated,0.0,0.0,0.0,0.0,0.0,0.0,0.0,0.0,0.0,0.12420706323584893
translating,0.054302171788811276,0.0,0.0,0.0,0.0,0.0,0.0,0.0,0.0,0.0
translator,0.054302171788811276,0.0,0.0,0.0,0.0,0.0,0.0,0.0,0.0,0.0
treated,0.0,0.0,0.0,0.0,0.0,0.0,0.0,0.07519597035821918,0.0,0.0
truth,0.0,0.0,0.0,0.0,0.0,0.0,0.07035323612008913,0.0,0.0,0.0
two,0.0,0.0,0.0,0.0,0.0,0.0,0.0,0.06392344470672275,0.0,0.0527936756525502
type,0.0461618070657376,0.0,0.0,0.0,0.0,0.09678695735165097,0.0,0.0,0.0,0.0
typically,0.04038612637899778,0.0,0.0,0.0,0.09539881839073042,0.0,0.0,0.0,0.0,0.04618822772426147
ubiquitous,0.054302171788811276,0.0,0.0,0.0,0.0,0.0,0.0,0.0,0.0,0.0
underlying,0.0,0.13891924429044444,0.0,0.0,0.0,0.0,0.0,0.0,0.0,0.0
understand,0.0,0.0,0.0,0.07963113870844434,0.0,0.0,0.0,0.0,0.0,0.0
unit,0.0,0.0,0.10410238352788946,0.05922402595774957,0.0,0.0,0.0,0.0,0.0,0.13856468317278442
universal,0.0,0.0,0.0,0.0,0.0,0.0,0.07035323612008913,0.0,0.0,0.0
unless,0.0,0.0,0.0,0.0,0.0,0.0,0.0,0.0,0.0,0.062103531617924465
update,0.054302171788811276,0.0,0.0,0.0,0.0,0.0,0.0,0.0,0.0,0.0
use,0.0461618070657376,0.0,0.0,0.0,0.0,0.0,0.0,0.1278468894134455,0.0,0.0
used,0.02647008096918429,0.06771743234961419,0.0,0.0776338264141096,0.06252678019846791,0.055499530038128304,0.0,0.07330990118331016,0.0,0.030272923830598476
useful,0.0,0.0,0.0,0.0,0.0,0.0,0.0,0.0,0.10731710181778421,0.0
user,0.0,0.0,0.0,0.0,0.08481638576043074,0.15056810967380804,0.0,0.0,0.0709611594476204,0.08212928852444225
using,0.0,0.0,0.0,0.0,0.0,0.0,0.0,0.0,0.0912293410332331,0.1055873513051004
usually,0.0,0.10331833832002932,0.0,0.0,0.0,0.0,0.0,0.05592546047493713,0.07981489310403295,0.0
utility,0.0,0.0,0.0,0.0,0.25654171316598584,0.0,0.0,0.0,0.0,0.0
vaishnav,0.054302171788811276,0.0,0.0,0.0,0.0,0.0,0.0,0.0,0.0,0.0
valid,0.0,0.0,0.0,0.0,0.0,0.0,0.07035323612008913,0.0,0.0,0.0
validity,0.0,0.0,0.0,0.0,0.0,0.0,0.07035323612008913,0.0,0.0,0.0
value,0.0,0.0,0.0,0.0,0.0,0.0,0.0,0.0,0.0,0.12420706323584893
variation,0.054302171788811276,0.0,0.0,0.0,0.0,0.0,0.0,0.0,0.0,0.0
various,0.0461618070657376,0.0,0.0,0.0,0.0,0.0,0.0,0.06392344470672275,0.0,0.0
vendor,0.054302171788811276,0.0,0.0,0.0,0.0,0.0,0.0,0.0,0.0,0.0
virtual,0.0,0.0,0.0,0.0,0.0,0.11385477127316877,0.0,0.0,0.0,0.0
visible,0.0,0.0,0.0,0.0,0.0,0.0,0.0,0.0,0.0,0.062103531617924465
well,0.10860434357762255,0.0,0.0,0.0,0.0,0.0,0.0,0.0,0.0,0.0
whereas,0.054302171788811276,0.0,0.0,0.0,0.0,0.0,0.0,0.0,0.0,0.0
whose,0.0,0.0,0.0,0.0,0.0,0.11385477127316877,0.0,0.0,0.0,0.0
wish,0.0,0.0,0.0,0.0,0.0,0.0,0.0,0.0,0.10731710181778421,0.0
within,0.0,0.0,0.13997345179645462,0.0,0.0,0.0,0.0,0.0,0.0,0.0
without,0.0,0.0,0.0,0.0,0.0,0.09678695735165097,0.0,0.0,0.0912293410332331,0.0
word,0.0,0.0,0.0,0.0,0.12827085658299292,0.0,0.0,0.0,0.0,0.0
work,0.0,0.0,0.0,0.0,0.0,0.0,0.0,0.0,0.0912293410332331,0.1055873513051004
would,0.0461618070657376,0.0,0.0,0.0,0.0,0.0,0.0,0.0,0.0912293410332331,0.0
writing,0.0,0.0,0.0,0.06769374300129932,0.0,0.0,0.0,0.0,0.0912293410332331,0.0
written,0.02915093862180773,0.07457577165510473,0.0,0.04274824303349165,0.0,0.0,0.0,0.04036731947010966,0.057610849531530346,0.06667785757934021
year,0.0,0.0,0.0,0.0,0.0,0.0,0.0,0.07519597035821918,0.0,0.0
